{
  "run": {
    "dataset": "toxigen",
    "model": "bert-base-uncased",
    "seed": 0,
    "train_size": 2000,
    "eval_size": 1000,
    "epochs": 2,
    "batch_size": 8,
    "lr": 5e-05,
    "max_steps": 200,
    "lambda_kl": 0.02,
    "kl_start_factor": 0.1,
    "gamma_causal": 3.0,
    "overconf_penalty": 0.5,
    "evidence_floor": 0.2,
    "collapse_penalty": 0.2,
    "correct_confidence_bonus": 0.15,
    "correct_uncertainty_penalty": 0.2,
    "evidence_temperature": 2.0,
    "max_evidence": 30.0,
    "balance_sampling": true,
    "plot_dir": "plots",
    "device": "cpu"
  },
  "experiments": [
    {
      "dataset": "toxigen",
      "n_train": 2000,
      "n_eval": 940,
      "model": "bert-base-uncased",
      "softmax": {
        "name": "softmax",
        "accuracy": 0.6617021276595745,
        "ece": 0.2248471474710931,
        "by_group": {
          "asian folks": {
            "n": 51,
            "accuracy": 0.803921568627451,
            "ece": 0.1159788703217226
          },
          "black folks / african-americans": {
            "n": 33,
            "accuracy": 0.45454545454545453,
            "ece": 0.47457439700762427
          },
          "black/african-american folks": {
            "n": 59,
            "accuracy": 0.8305084745762712,
            "ece": 0.10507643424858482
          },
          "chinese folks": {
            "n": 77,
            "accuracy": 0.6753246753246753,
            "ece": 0.22507746420897448
          },
          "folks with mental disabilities": {
            "n": 68,
            "accuracy": 0.6911764705882353,
            "ece": 0.25229541343801165
          },
          "folks with physical disabilities": {
            "n": 95,
            "accuracy": 0.5894736842105263,
            "ece": 0.2810901171282718
          },
          "jewish folks": {
            "n": 87,
            "accuracy": 0.6206896551724138,
            "ece": 0.2675507757170447
          },
          "latino/hispanic folks": {
            "n": 61,
            "accuracy": 0.7377049180327869,
            "ece": 0.19775330531792562
          },
          "lgbtq+ folks": {
            "n": 66,
            "accuracy": 0.6060606060606061,
            "ece": 0.29619927975264465
          },
          "mexican folks": {
            "n": 73,
            "accuracy": 0.5342465753424658,
            "ece": 0.3619173209961146
          },
          "middle eastern folks": {
            "n": 68,
            "accuracy": 0.6470588235294118,
            "ece": 0.27321831991567336
          },
          "muslim folks": {
            "n": 83,
            "accuracy": 0.7228915662650602,
            "ece": 0.2298735057015017
          },
          "native american folks": {
            "n": 20,
            "accuracy": 0.95,
            "ece": 0.07913159728050231
          },
          "native american/indigenous folks": {
            "n": 34,
            "accuracy": 0.7647058823529411,
            "ece": 0.18639010541579304
          },
          "women": {
            "n": 65,
            "accuracy": 0.5384615384615384,
            "ece": 0.33749601520024813
          }
        },
        "counterfactual_diff_p1": 0.002196969697251916
      },
      "reweight_class": {
        "name": "reweight_class",
        "accuracy": 0.7180851063829787,
        "ece": 0.1450943313697551,
        "by_group": {
          "asian folks": {
            "n": 51,
            "accuracy": 0.7647058823529411,
            "ece": 0.10897084486250784
          },
          "black folks / african-americans": {
            "n": 33,
            "accuracy": 0.7575757575757576,
            "ece": 0.126965986959862
          },
          "black/african-american folks": {
            "n": 59,
            "accuracy": 0.7966101694915254,
            "ece": 0.12167108463028731
          },
          "chinese folks": {
            "n": 77,
            "accuracy": 0.6493506493506493,
            "ece": 0.24533555569586815
          },
          "folks with mental disabilities": {
            "n": 68,
            "accuracy": 0.6764705882352942,
            "ece": 0.1683678486767937
          },
          "folks with physical disabilities": {
            "n": 95,
            "accuracy": 0.6736842105263158,
            "ece": 0.17010592441809805
          },
          "jewish folks": {
            "n": 87,
            "accuracy": 0.6436781609195402,
            "ece": 0.21832908535825796
          },
          "latino/hispanic folks": {
            "n": 61,
            "accuracy": 0.5573770491803278,
            "ece": 0.31604550461300085
          },
          "lgbtq+ folks": {
            "n": 66,
            "accuracy": 0.6363636363636364,
            "ece": 0.24272715187433994
          },
          "mexican folks": {
            "n": 73,
            "accuracy": 0.6986301369863014,
            "ece": 0.21921144650407035
          },
          "middle eastern folks": {
            "n": 68,
            "accuracy": 0.7941176470588235,
            "ece": 0.15063406658523223
          },
          "muslim folks": {
            "n": 83,
            "accuracy": 0.7590361445783133,
            "ece": 0.12520109242703542
          },
          "native american folks": {
            "n": 20,
            "accuracy": 0.9,
            "ece": 0.10669114589691162
          },
          "native american/indigenous folks": {
            "n": 34,
            "accuracy": 0.9411764705882353,
            "ece": 0.0559004825704238
          },
          "women": {
            "n": 65,
            "accuracy": 0.8307692307692308,
            "ece": 0.08533596809093769
          }
        },
        "counterfactual_diff_p1": 0.0011232246179133654
      },
      "reweight_group": {
        "name": "reweight_group",
        "accuracy": 0.752127659574468,
        "ece": 0.07141890614590746,
        "by_group": {
          "asian folks": {
            "n": 51,
            "accuracy": 0.8235294117647058,
            "ece": 0.08881795055725997
          },
          "black folks / african-americans": {
            "n": 33,
            "accuracy": 0.6363636363636364,
            "ece": 0.17177238473386477
          },
          "black/african-american folks": {
            "n": 59,
            "accuracy": 0.8135593220338984,
            "ece": 0.06648065781189223
          },
          "chinese folks": {
            "n": 77,
            "accuracy": 0.7402597402597403,
            "ece": 0.11234238976007932
          },
          "folks with mental disabilities": {
            "n": 68,
            "accuracy": 0.7794117647058824,
            "ece": 0.09428337742300595
          },
          "folks with physical disabilities": {
            "n": 95,
            "accuracy": 0.7473684210526316,
            "ece": 0.08151941581776266
          },
          "jewish folks": {
            "n": 87,
            "accuracy": 0.7241379310344828,
            "ece": 0.13564605959530535
          },
          "latino/hispanic folks": {
            "n": 61,
            "accuracy": 0.6557377049180327,
            "ece": 0.1704981698364508
          },
          "lgbtq+ folks": {
            "n": 66,
            "accuracy": 0.6666666666666666,
            "ece": 0.14044063064185056
          },
          "mexican folks": {
            "n": 73,
            "accuracy": 0.7123287671232876,
            "ece": 0.22386159064018563
          },
          "middle eastern folks": {
            "n": 68,
            "accuracy": 0.7941176470588235,
            "ece": 0.12549191625679243
          },
          "muslim folks": {
            "n": 83,
            "accuracy": 0.7590361445783133,
            "ece": 0.08671377186315606
          },
          "native american folks": {
            "n": 20,
            "accuracy": 0.9,
            "ece": 0.16768887639045718
          },
          "native american/indigenous folks": {
            "n": 34,
            "accuracy": 0.9117647058823529,
            "ece": 0.11656300811206592
          },