{
  "dataset": "adult",
  "n_train": 1000,
  "n_eval": 1000,
  "model": "bert-base-uncased",
  "softmax": {
    "name": "softmax",
    "accuracy": 0.698,
    "ece": 0.15697521102428436,
    "by_group": {
      "female": {
        "n": 330,
        "accuracy": 0.8696969696969697,
        "ece": 0.1144793203382781
      },
      "male": {
        "n": 670,
        "accuracy": 0.6134328358208955,
        "ece": 0.19600768614171155
      }
    },
    "counterfactual_diff_p1": 0.003356982721015811
  },
  "reweight_class": {
    "name": "reweight_class",
    "accuracy": 0.691,
    "ece": 0.43967537094652653,
    "by_group": {
      "female": {
        "n": 330,
        "accuracy": 0.8515151515151516,
        "ece": 0.42958958058646235
      },
      "male": {
        "n": 670,
        "accuracy": 0.6119402985074627,
        "ece": 0.4497175706411476
      }
    },
    "counterfactual_diff_p1": 0.0005426158895716071
  },
  "reweight_group": {
    "name": "reweight_group",
    "accuracy": 0.69,
    "ece": 0.1926298912167549,
    "by_group": {
      "female": {
        "n": 330,
        "accuracy": 0.8333333333333334,
        "ece": 0.12927206285072096
      },
      "male": {
        "n": 670,
        "accuracy": 0.6194029850746269,
        "ece": 0.2282716252910557
      }
    },
    "counterfactual_diff_p1": 0.00015580978651996702
  },
  "causal_prompting": {
    "name": "causal_prompting",
    "accuracy": 0.701,
    "ece": 0.15017533585429194,
    "by_group": {
      "female": {
        "n": 330,
        "accuracy": 0.8727272727272727,
        "ece": 0.1789309939651778
      },
      "male": {
        "n": 670,
        "accuracy": 0.6164179104477612,
        "ece": 0.1360120952129364
      }
    },
    "counterfactual_diff_p1": 0.00018030754290521145
  },
  "eca": {
    "name": "eca",
    "accuracy": 0.701,
    "ece": 0.16511420238018037,
    "by_group": {
      "female": {
        "n": 330,
        "accuracy": 0.8727272727272727,
        "ece": 0.21447038542140615
      },
      "male": {
        "n": 670,
        "accuracy": 0.6164179104477612,
        "ece": 0.1408044436974312
      }
    },
    "counterfactual_diff_p1": 4.401638943818398e-05,
    "uncertainty_mean": 0.6437033414840698,
    "uncertainty_auc_error": 0.845884283799064,
    "counterfactual_weighted_by_u": 2.8540351195260882e-05
  },
  "uncertainty_histogram": "plots/uncertainty_hist_adult_eca.png"
}